Legislator Name,Chamber,District,Party,SB 2095 (2022),HB 1158 (2023),SB 2857 (2024),HB 611 (2025),SB 2748 (2025),HB 895 (2026),HB 1152 (2026),HB 1034 (2026),HB 513 (2026),Score,Grade,Classification,Historical Vote Score,Summary,Contact Link,Eligible Weight,Publish?,Slug,Featured?
Lester Carpenter,House,1,Republican,SUPPORT,SUPPORT,SUPPORT,SUPPORT,SUPPORT,SUPPORT,SUPPORT,SUPPORT,SUPPORT,100,A,Strong Supporter,155,Lester Carpenter supported 3MA’s tracked medical cannabis priorities at a high level but is not classified as a Champion Leader absent authorship or recorded champion status.,Lester Carpenter,155,Yes,lester-carpenter,No
Michael McLendon,Senate,1,Republican,SUPPORT,SUPPORT,SUPPORT,N/A,SUPPORT,OPPOSE,OPPOSE,N/A,N/A,43,D,Weak / Inconsistent,60,Michael McLendon has shown weak or inconsistent alignment with 3MA’s tracked medical cannabis priorities.,Michael McLendon,140,Yes,michael-mclendon,No
Brad Mattox,House,2,Republican,N/A,N/A,SUPPORT,SUPPORT,SUPPORT,SUPPORT,SUPPORT,SUPPORT,SUPPORT,100,A,Strong Supporter,125,Brad Mattox supported 3MA’s tracked medical cannabis priorities at a high level but is not classified as a Champion Leader absent authorship or recorded champion status.,Brad Mattox,125,Yes,brad-mattox,No
Theresa Gillespie Isom,Senate,2,Democrat,N/A,N/A,N/A,N/A,N/A,SUPPORT,SUPPORT,N/A,N/A,100,A,Strong Supporter,80,Theresa Gillespie Isom supported 3MA’s tracked medical cannabis priorities at a high level but is not classified as a Champion Leader absent authorship or recorded champion status.,Theresa Gillespie Isom,80,Yes,theresa-gillespie-isom,No
William Tracy Arnold,House,3,Republican,SUPPORT,SUPPORT,SUPPORT,SUPPORT,SUPPORT,SUPPORT,SUPPORT,SUPPORT,SUPPORT,100,A,Strong Supporter,155,William Tracy Arnold supported 3MA’s tracked medical cannabis priorities at a high level but is not classified as a Champion Leader absent authorship or recorded champion status.,William Tracy Arnold,155,Yes,william-tracy-arnold,No
Kathy L. Chism,Senate,3,Republican,OPPOSE,OPPOSE,SUPPORT,N/A,OPPOSE,OPPOSE,OPPOSE,N/A,N/A,11,F,Opposed,15,Kathy L. Chism is classified as opposed based on 3MA’s tracked medical cannabis votes from 2022–2026.,Kathy L. Chism,140,Yes,kathy-l-chism,No
Jody Steverson,House,4,Republican,SUPPORT,SUPPORT,SUPPORT,SUPPORT,SUPPORT,SUPPORT,SUPPORT,SUPPORT,ABSENT,100,A,Strong Supporter,155,Jody Steverson supported 3MA’s tracked medical cannabis priorities at a high level but is not classified as a Champion Leader absent authorship or recorded champion status.,Jody Steverson,155,Yes,jody-steverson,No
Rita Potts Parks,Senate,4,Republican,SUPPORT,SUPPORT,SUPPORT,N/A,OPPOSE,OPPOSE,OPPOSE,N/A,N/A,32,F,Opposed,45,Rita Potts Parks is classified as opposed based on 3MA’s tracked medical cannabis votes from 2022–2026.,Rita Potts Parks,140,Yes,rita-potts-parks,No
John Faulkner,House,5,Democrat,OPPOSE,SUPPORT,SUPPORT,SUPPORT,SUPPORT,SUPPORT,ABSENT,SUPPORT,SUPPORT,77,B,Supporter,120,John Faulkner has a generally supportive voting record on 3MA’s tracked medical cannabis priorities.,John Faulkner,155,Yes,john-faulkner,No
Daniel H. Sparks,Senate,5,Republican,SUPPORT,SUPPORT,SUPPORT,N/A,OPPOSE,SUPPORT,OPPOSE,N/A,N/A,61,C,Mixed / Persuadable,85,Daniel H. Sparks has a mixed record on 3MA’s tracked medical cannabis priorities and may be persuadable on future reforms.,Daniel H. Sparks,140,Yes,daniel-h-sparks,No
Justin Keen,House,6,Republican,N/A,N/A,SUPPORT,ABSENT,OPPOSE,ABSENT,ABSENT,ABSENT,SUPPORT,50,D,Weak / Inconsistent,62.5,Justin Keen has shown weak or inconsistent alignment with 3MA’s tracked medical cannabis priorities.,Justin Keen,125,Yes,justin-keen,No
Chad McMahan,Senate,6,Republican,SUPPORT,SUPPORT,SUPPORT,N/A,SUPPORT,SUPPORT,SUPPORT,N/A,N/A,100,A,Strong Supporter,140,Chad McMahan supported 3MA’s tracked medical cannabis priorities at a high level but is not classified as a Champion Leader absent authorship or recorded champion status.,Chad McMahan,140,Yes,chad-mcmahan,No
Kimberly Remak,House,7,Republican,N/A,N/A,SUPPORT,SUPPORT,SUPPORT,SUPPORT,SUPPORT,SUPPORT,SUPPORT,100,A,Strong Supporter,125,Kimberly Remak supported 3MA’s tracked medical cannabis priorities at a high level but is not classified as a Champion Leader absent authorship or recorded champion status.,Kimberly Remak,125,Yes,kimberly-remak,No
Hob Bryan,Senate,7,Democrat,SUPPORT,SUPPORT,SUPPORT,N/A,SUPPORT,SUPPORT,SUPPORT,N/A,N/A,100,A,Strong Supporter,140,Hob Bryan supported 3MA’s tracked medical cannabis priorities at a high level but is not classified as a Champion Leader absent authorship or recorded champion status.,Hob Bryan,140,Yes,hob-bryan,No
"Trey Lamar, III",House,8,Republican,SUPPORT,SUPPORT,SUPPORT,SUPPORT,SUPPORT,SUPPORT,SUPPORT,SUPPORT,SUPPORT,100,A,Strong Supporter,155,"Trey Lamar, III supported 3MA’s tracked medical cannabis priorities at a high level but is not classified as a Champion Leader absent authorship or recorded champion status.","Trey Lamar, III",155,Yes,trey-lamar-iii,No
Benjamin Suber,Senate,8,Republican,SUPPORT,SUPPORT,SUPPORT,N/A,OPPOSE,OPPOSE,OPPOSE,N/A,N/A,32,F,Opposed,45,Benjamin Suber is classified as opposed based on 3MA’s tracked medical cannabis votes from 2022–2026.,Benjamin Suber,140,Yes,benjamin-suber,No
Cedric Burnett,House,9,Republican,SUPPORT,SUPPORT,SUPPORT,SUPPORT,SUPPORT,SUPPORT,SUPPORT,SUPPORT,SUPPORT,100,A,Strong Supporter,155,Cedric Burnett supported 3MA’s tracked medical cannabis priorities at a high level but is not classified as a Champion Leader absent authorship or recorded champion status.,Cedric Burnett,155,Yes,cedric-burnett,No
Nicole Boyd,Senate,9,Republican,SUPPORT,SUPPORT,SUPPORT,N/A,SUPPORT,SUPPORT,SUPPORT,N/A,N/A,100,A,Strong Supporter,140,Nicole Boyd supported 3MA’s tracked medical cannabis priorities at a high level but is not classified as a Champion Leader absent authorship or recorded champion status.,Nicole Boyd,140,Yes,nicole-boyd,No
Josh Hawkins,House,10,Republican,N/A,N/A,SUPPORT,SUPPORT,SUPPORT,SUPPORT,SUPPORT,SUPPORT,SUPPORT,100,A,Strong Supporter,125,Josh Hawkins supported 3MA’s tracked medical cannabis priorities at a high level but is not classified as a Champion Leader absent authorship or recorded champion status.,Josh Hawkins,125,Yes,josh-hawkins,No
Neil S. Whaley,Senate,10,Republican,SUPPORT,SUPPORT,SUPPORT,N/A,SUPPORT,OPPOSE,OPPOSE,N/A,N/A,43,D,Weak / Inconsistent,60,Neil S. Whaley has shown weak or inconsistent alignment with 3MA’s tracked medical cannabis priorities.,Neil S. Whaley,140,Yes,neil-s-whaley,No
Lataisha Jackson,House,11,Democrat,SUPPORT,SUPPORT,SUPPORT,SUPPORT,SUPPORT,SUPPORT,SUPPORT,SUPPORT,SUPPORT,100,A,Strong Supporter,155,Lataisha Jackson supported 3MA’s tracked medical cannabis priorities at a high level but is not classified as a Champion Leader absent authorship or recorded champion status.,Lataisha Jackson,155,Yes,lataisha-jackson,No
Reginald Jackson,Senate,11,Democrat,SUPPORT,SUPPORT,SUPPORT,N/A,SUPPORT,SUPPORT,SUPPORT,N/A,N/A,100,A,Strong Supporter,140,Reginald Jackson supported 3MA’s tracked medical cannabis priorities at a high level but is not classified as a Champion Leader absent authorship or recorded champion status.,Reginald Jackson,140,Yes,reginald-jackson,No
Clay Deweese,House,12,Republican,SUPPORT,SUPPORT,SUPPORT,SUPPORT,SUPPORT,SUPPORT,SUPPORT,SUPPORT,SUPPORT,100,A,Strong Supporter,155,Clay Deweese supported 3MA’s tracked medical cannabis priorities at a high level but is not classified as a Champion Leader absent authorship or recorded champion status.,Clay Deweese,155,Yes,clay-deweese,No
Derrick T. Simmons,Senate,12,Democrat,SUPPORT,ABSENT,SUPPORT,N/A,SUPPORT,SUPPORT,SUPPORT,N/A,N/A,95,A,Strong Supporter,132.5,Derrick T. Simmons supported 3MA’s tracked medical cannabis priorities at a high level but is not classified as a Champion Leader absent authorship or recorded champion status.,Derrick T. Simmons,140,Yes,derrick-t-simmons,No
Steve Massengill,House,13,Republican,SUPPORT,SUPPORT,SUPPORT,SUPPORT,SUPPORT,SUPPORT,SUPPORT,SUPPORT,SUPPORT,100,A,Strong Supporter,155,Steve Massengill supported 3MA’s tracked medical cannabis priorities at a high level but is not classified as a Champion Leader absent authorship or recorded champion status.,Steve Massengill,155,Yes,steve-massengill,No
Sarita Simmons,Senate,13,Democrat,SUPPORT,SUPPORT,SUPPORT,N/A,SUPPORT,SUPPORT,SUPPORT,N/A,N/A,100,A,Strong Supporter,140,Sarita Simmons supported 3MA’s tracked medical cannabis priorities at a high level but is not classified as a Champion Leader absent authorship or recorded champion status.,Sarita Simmons,140,Yes,sarita-simmons,No
Sam Creekmore IV,House,14,Republican,SUPPORT,SUPPORT,SUPPORT,SUPPORT,SUPPORT,SUPPORT,SUPPORT,SUPPORT,SUPPORT,100,A,Strong Supporter,155,Sam Creekmore IV supported 3MA’s tracked medical cannabis priorities at a high level but is not classified as a Champion Leader absent authorship or recorded champion status.,Sam Creekmore IV,155,Yes,sam-creekmore-iv,No
Lydia Graves Chassaniol,Senate,14,Republican,SUPPORT,SUPPORT,SUPPORT,N/A,SUPPORT,SUPPORT,SUPPORT,N/A,N/A,100,A,Strong Supporter,140,Lydia Graves Chassaniol supported 3MA’s tracked medical cannabis priorities at a high level but is not classified as a Champion Leader absent authorship or recorded champion status.,Lydia Graves Chassaniol,140,Yes,lydia-graves-chassaniol,No
Beth Luther Waldo,House,15,Republican,N/A,N/A,SUPPORT,SUPPORT,SUPPORT,ABSENT,SUPPORT,SUPPORT,SUPPORT,84,B,Supporter,105,Beth Luther Waldo has a generally supportive voting record on 3MA’s tracked medical cannabis priorities.,Beth Luther Waldo,125,Yes,beth-luther-waldo,No
Bart Williams,Senate,15,Republican,SUPPORT,SUPPORT,SUPPORT,N/A,SUPPORT,SUPPORT,SUPPORT,N/A,N/A,100,A,Strong Supporter,140,Bart Williams supported 3MA’s tracked medical cannabis priorities at a high level but is not classified as a Champion Leader absent authorship or recorded champion status.,Bart Williams,140,Yes,bart-williams,No
Rickey Thompson,House,16,Democrat,SUPPORT,SUPPORT,SUPPORT,SUPPORT,SUPPORT,SUPPORT,SUPPORT,SUPPORT,SUPPORT,100,A,Strong Supporter,155,Rickey Thompson supported 3MA’s tracked medical cannabis priorities at a high level but is not classified as a Champion Leader absent authorship or recorded champion status.,Rickey Thompson,155,Yes,rickey-thompson,No
Angela Turner-Ford,Senate,16,Democrat,SUPPORT,SUPPORT,SUPPORT,N/A,SUPPORT,SUPPORT,SUPPORT,N/A,N/A,100,A,Strong Supporter,140,Angela Turner-Ford supported 3MA’s tracked medical cannabis priorities at a high level but is not classified as a Champion Leader absent authorship or recorded champion status.,Angela Turner-Ford,140,Yes,angela-turnerford,No
Shane Aguirre,House,17,Republican,SUPPORT,SUPPORT,SUPPORT,SUPPORT,SUPPORT,SUPPORT,SUPPORT,SUPPORT,SUPPORT,100,A,Strong Supporter,155,Shane Aguirre supported 3MA’s tracked medical cannabis priorities at a high level but is not classified as a Champion Leader absent authorship or recorded champion status.,Shane Aguirre,155,Yes,shane-aguirre,No
Chuck Younger,Senate,17,Republican,SUPPORT,SUPPORT,SUPPORT,N/A,SUPPORT,SUPPORT,SUPPORT,N/A,N/A,100,A,Strong Supporter,140,Chuck Younger supported 3MA’s tracked medical cannabis priorities at a high level but is not classified as a Champion Leader absent authorship or recorded champion status.,Chuck Younger,140,Yes,chuck-younger,No
Jerry Turner,House,18,Republican,SUPPORT,SUPPORT,SUPPORT,SUPPORT,SUPPORT,SUPPORT,SUPPORT,SUPPORT,SUPPORT,100,A,Strong Supporter,155,Jerry Turner supported 3MA’s tracked medical cannabis priorities at a high level but is not classified as a Champion Leader absent authorship or recorded champion status.,Jerry Turner,155,Yes,jerry-turner,No
Lane Taylor,Senate,18,Republican,N/A,N/A,N/A,N/A,N/A,OPPOSE,OPPOSE,N/A,N/A,0,F,Opposed,0,Lane Taylor is classified as opposed based on 3MA’s tracked medical cannabis votes from 2022–2026.,Lane Taylor,80,Yes,lane-taylor,No
Randy Boyd,House,19,Republican,SUPPORT,OPPOSE,SUPPORT,SUPPORT,OPPOSE,SUPPORT,SUPPORT,SUPPORT,SUPPORT,81,B,Supporter,125,Randy Boyd has a generally supportive voting record on 3MA’s tracked medical cannabis priorities.,Randy Boyd,155,Yes,randy-boyd,No
Kevin Blackwell,Senate,19,Republican,SUPPORT,SUPPORT,SUPPORT,N/A,SUPPORT,SUPPORT,SUPPORT,N/A,N/A,100,A+,Champion Leader,210,Kevin Blackwell is classified as a Champion Leader based on 3MA’s designation as a primary medical cannabis bill author or legislative champion.,Kevin Blackwell,140,Yes,kevin-blackwell,Yes
Rodney Hall,House,20,Republican,N/A,N/A,SUPPORT,SUPPORT,SUPPORT,ABSENT,SUPPORT,SUPPORT,SUPPORT,84,B,Supporter,105,Rodney Hall has a generally supportive voting record on 3MA’s tracked medical cannabis priorities.,Rodney Hall,125,Yes,rodney-hall,No
Josh Harkins,Senate,20,Republican,ABSENT,SUPPORT,SUPPORT,N/A,SUPPORT,SUPPORT,SUPPORT,N/A,N/A,95,A,Strong Supporter,132.5,Josh Harkins supported 3MA’s tracked medical cannabis priorities at a high level but is not classified as a Champion Leader absent authorship or recorded champion status.,Josh Harkins,140,Yes,josh-harkins,No
Donnie Bell,House,21,Republican,SUPPORT,SUPPORT,SUPPORT,SUPPORT,SUPPORT,SUPPORT,SUPPORT,SUPPORT,SUPPORT,100,A,Strong Supporter,155,Donnie Bell supported 3MA’s tracked medical cannabis priorities at a high level but is not classified as a Champion Leader absent authorship or recorded champion status.,Donnie Bell,155,Yes,donnie-bell,No
Bradford Blackmon,Senate,21,Democrat,SUPPORT,SUPPORT,SUPPORT,N/A,SUPPORT,SUPPORT,SUPPORT,N/A,N/A,100,A,Strong Supporter,140,Bradford Blackmon supported 3MA’s tracked medical cannabis priorities at a high level but is not classified as a Champion Leader absent authorship or recorded champion status.,Bradford Blackmon,140,Yes,bradford-blackmon,No
Justin Crosby,House,22,Democrat,N/A,N/A,N/A,N/A,N/A,SUPPORT,SUPPORT,SUPPORT,SUPPORT,100,A,Strong Supporter,80,Justin Crosby supported 3MA’s tracked medical cannabis priorities at a high level but is not classified as a Champion Leader absent authorship or recorded champion status.,Justin Crosby,80,Yes,justin-crosby,No
Joseph Thomas,Senate,22,Democrat,SUPPORT,SUPPORT,SUPPORT,N/A,SUPPORT,SUPPORT,SUPPORT,N/A,N/A,100,A,Strong Supporter,140,Joseph Thomas supported 3MA’s tracked medical cannabis priorities at a high level but is not classified as a Champion Leader absent authorship or recorded champion status.,Joseph Thomas,140,Yes,joseph-thomas,No
Perry Bailey,House,23,Republican,N/A,N/A,N/A,N/A,N/A,SUPPORT,SUPPORT,SUPPORT,SUPPORT,100,A,Strong Supporter,80,Perry Bailey supported 3MA’s tracked medical cannabis priorities at a high level but is not classified as a Champion Leader absent authorship or recorded champion status.,,80,Yes,perry-bailey,No
Briggs Hopson,Senate,23,Republican,SUPPORT,SUPPORT,SUPPORT,N/A,SUPPORT,OPPOSE,OPPOSE,N/A,N/A,43,D,Weak / Inconsistent,60,Briggs Hopson has shown weak or inconsistent alignment with 3MA’s tracked medical cannabis priorities.,Briggs Hopson,140,Yes,briggs-hopson,No
Jeff Hale,House,24,Republican,SUPPORT,SUPPORT,SUPPORT,SUPPORT,SUPPORT,SUPPORT,SUPPORT,SUPPORT,SUPPORT,100,A,Strong Supporter,155,Jeff Hale supported 3MA’s tracked medical cannabis priorities at a high level but is not classified as a Champion Leader absent authorship or recorded champion status.,Jeff Hale,155,Yes,jeff-hale,No
Justin Pope,Senate,24,Democrat,N/A,N/A,N/A,N/A,N/A,SUPPORT,SUPPORT,N/A,N/A,100,A,Strong Supporter,80,Justin Pope supported 3MA’s tracked medical cannabis priorities at a high level but is not classified as a Champion Leader absent authorship or recorded champion status.,Justin Pope,80,Yes,justin-pope,No
Dan Eubanks,House,25,Republican,SUPPORT,SUPPORT,ABSENT,SUPPORT,SUPPORT,ABSENT,SUPPORT,SUPPORT,SUPPORT,82,B,Supporter,127.5,Dan Eubanks has a generally supportive voting record on 3MA’s tracked medical cannabis priorities.,Dan Eubanks,155,Yes,dan-eubanks,No
J. Walter Michel,Senate,25,Republican,SUPPORT,SUPPORT,SUPPORT,N/A,SUPPORT,OPPOSE,SUPPORT,N/A,N/A,71,C,Mixed / Persuadable,100,J. Walter Michel has a mixed record on 3MA’s tracked medical cannabis priorities and may be persuadable on future reforms.,J. Walter Michel,140,Yes,j-walter-michel,No
Otha Williams,Hosue,26,Democrat,N/A,N/A,N/A,N/A,N/A,SUPPORT,SUPPORT,SUPPORT,SUPPORT,100,A,Strong Supporter,80,Otha Williams supported 3MA’s tracked medical cannabis priorities at a high level but is not classified as a Champion Leader absent authorship or recorded champion status.,,80,Yes,otha-williams,No
Kameisha Mumford,Senate,26,Democrat,SUPPORT,SUPPORT,SUPPORT,N/A,SUPPORT,SUPPORT,SUPPORT,N/A,N/A,100,A,Strong Supporter,140,Kameisha Mumford supported 3MA’s tracked medical cannabis priorities at a high level but is not classified as a Champion Leader absent authorship or recorded champion status.,Kameisha Mumford,140,Yes,kameisha-mumford,No
Kenji Holloway,House,27,Democrat,SUPPORT,SUPPORT,SUPPORT,OPPOSE,SUPPORT,SUPPORT,SUPPORT,SUPPORT,SUPPORT,90,A,Strong Supporter,140,Kenji Holloway supported 3MA’s tracked medical cannabis priorities at a high level but is not classified as a Champion Leader absent authorship or recorded champion status.,Kenji Holloway,155,Yes,kenji-holloway,No
Hillman Terome Frazier,Senate,27,Democrat,SUPPORT,ABSENT,SUPPORT,N/A,SUPPORT,SUPPORT,SUPPORT,N/A,N/A,95,A,Strong Supporter,132.5,Hillman Terome Frazier supported 3MA’s tracked medical cannabis priorities at a high level but is not classified as a Champion Leader absent authorship or recorded champion status.,Hillman Terome Frazier,140,Yes,hillman-terome-frazier,No
W.I. Harris,House,28,Republican,N/A,N/A,SUPPORT,SUPPORT,SUPPORT,SUPPORT,SUPPORT,SUPPORT,SUPPORT,100,A,Strong Supporter,125,W.I. Harris supported 3MA’s tracked medical cannabis priorities at a high level but is not classified as a Champion Leader absent authorship or recorded champion status.,W.I. Harris,125,Yes,wi-harris,No
Sollie B. Norwood,Senate,28,Democrat,SUPPORT,SUPPORT,SUPPORT,N/A,SUPPORT,OPPOSE,SUPPORT,N/A,N/A,71,C,Mixed / Persuadable,100,Sollie B. Norwood has a mixed record on 3MA’s tracked medical cannabis priorities and may be persuadable on future reforms.,Sollie B. Norwood,140,Yes,sollie-b-norwood,No
Robert Sanders,House,29,Democrat,SUPPORT,SUPPORT,SUPPORT,SUPPORT,SUPPORT,SUPPORT,SUPPORT,SUPPORT,SUPPORT,100,A,Strong Supporter,155,Robert Sanders supported 3MA’s tracked medical cannabis priorities at a high level but is not classified as a Champion Leader absent authorship or recorded champion status.,Robert Sanders,155,Yes,robert-sanders,No
David Blount,Senate,29,Democrat,SUPPORT,ABSENT,SUPPORT,N/A,SUPPORT,SUPPORT,SUPPORT,N/A,N/A,95,A,Strong Supporter,132.5,David Blount supported 3MA’s tracked medical cannabis priorities at a high level but is not classified as a Champion Leader absent authorship or recorded champion status.,David Blount,140,Yes,david-blount,No
Tracey Rosebud,House,30,Democrat,SUPPORT,SUPPORT,SUPPORT,SUPPORT,SUPPORT,SUPPORT,SUPPORT,SUPPORT,SUPPORT,100,A,Strong Supporter,155,Tracey Rosebud supported 3MA’s tracked medical cannabis priorities at a high level but is not classified as a Champion Leader absent authorship or recorded champion status.,Tracey Rosebud,155,Yes,tracey-rosebud,No
Dean Kirby,Senate,30,Republican,SUPPORT,SUPPORT,SUPPORT,N/A,SUPPORT,SUPPORT,SUPPORT,N/A,N/A,100,A,Strong Supporter,140,Dean Kirby supported 3MA’s tracked medical cannabis priorities at a high level but is not classified as a Champion Leader absent authorship or recorded champion status.,Dean Kirby,140,Yes,dean-kirby,No
Otis Anthony,House,31,Democrat,SUPPORT,SUPPORT,ABSENT,SUPPORT,ABSENT,SUPPORT,ABSENT,SUPPORT,SUPPORT,77,B,Supporter,120,Otis Anthony has a generally supportive voting record on 3MA’s tracked medical cannabis priorities.,Otis Anthony,155,Yes,otis-anthony,No
Tyler McCaughn,Senate,31,Republican,SUPPORT,SUPPORT,SUPPORT,N/A,SUPPORT,OPPOSE,OPPOSE,N/A,N/A,43,D,Weak / Inconsistent,60,Tyler McCaughn has shown weak or inconsistent alignment with 3MA’s tracked medical cannabis priorities.,Tyler McCaughn,140,Yes,tyler-mccaughn,No
Solomon Osborne,House,32,Democrat,SUPPORT,SUPPORT,ABSENT,SUPPORT,SUPPORT,SUPPORT,SUPPORT,SUPPORT,SUPPORT,95,A,Strong Supporter,147.5,Solomon Osborne supported 3MA’s tracked medical cannabis priorities at a high level but is not classified as a Champion Leader absent authorship or recorded champion status.,Solomon Osborne,155,Yes,solomon-osborne,No
Rod Hickman,Senate,32,Democrat,SUPPORT,SUPPORT,SUPPORT,N/A,SUPPORT,SUPPORT,SUPPORT,N/A,N/A,100,A,Strong Supporter,140,Rod Hickman supported 3MA’s tracked medical cannabis priorities at a high level but is not classified as a Champion Leader absent authorship or recorded champion status.,Rod Hickman,140,Yes,rod-hickman,No
Jim Estrada,House,33,Republican,N/A,N/A,SUPPORT,SUPPORT,SUPPORT,SUPPORT,SUPPORT,SUPPORT,SUPPORT,100,A,Strong Supporter,125,Jim Estrada supported 3MA’s tracked medical cannabis priorities at a high level but is not classified as a Champion Leader absent authorship or recorded champion status.,Jim Estrada,125,Yes,jim-estrada,No
Jeff Tate,Senate,33,Republican,OPPOSE,ABSENT,SUPPORT,N/A,OPPOSE,OPPOSE,OPPOSE,N/A,N/A,16,F,Opposed,22.5,Jeff Tate is classified as opposed based on 3MA’s tracked medical cannabis votes from 2022–2026.,Jeff Tate,140,Yes,jeff-tate,No
Kevin Horan,House,34,Republican,SUPPORT,SUPPORT,SUPPORT,SUPPORT,SUPPORT,SUPPORT,SUPPORT,SUPPORT,SUPPORT,100,A,Strong Supporter,155,Kevin Horan supported 3MA’s tracked medical cannabis priorities at a high level but is not classified as a Champion Leader absent authorship or recorded champion status.,Kevin Horan,155,Yes,kevin-horan,No
Juan Barnett,Senate,34,Democrat,SUPPORT,SUPPORT,SUPPORT,N/A,SUPPORT,SUPPORT,SUPPORT,N/A,N/A,100,A,Strong Supporter,140,Juan Barnett supported 3MA’s tracked medical cannabis priorities at a high level but is not classified as a Champion Leader absent authorship or recorded champion status.,Juan Barnett,140,Yes,juan-barnett,No
Joey Hood,House,35,Republican,SUPPORT,SUPPORT,SUPPORT,SUPPORT,SUPPORT,SUPPORT,SUPPORT,SUPPORT,SUPPORT,100,A,Strong Supporter,155,Joey Hood supported 3MA’s tracked medical cannabis priorities at a high level but is not classified as a Champion Leader absent authorship or recorded champion status.,Joey Hood,155,Yes,joey-hood,No
Andy Berry,Senate,35,Republican,N/A,N/A,SUPPORT,N/A,OPPOSE,OPPOSE,OPPOSE,N/A,N/A,14,F,Opposed,15,Andy Berry is classified as opposed based on 3MA’s tracked medical cannabis votes from 2022–2026.,Andy Berry,110,Yes,andy-berry,No
Karl Gibbs,House,36,Democrat,SUPPORT,SUPPORT,SUPPORT,SUPPORT,SUPPORT,SUPPORT,SUPPORT,SUPPORT,SUPPORT,100,A,Strong Supporter,155,Karl Gibbs supported 3MA’s tracked medical cannabis priorities at a high level but is not classified as a Champion Leader absent authorship or recorded champion status.,Karl Gibbs,155,Yes,karl-gibbs,No
Brian Rhodes,Senate,36,Republican,N/A,N/A,SUPPORT,N/A,SUPPORT,OPPOSE,SUPPORT,N/A,N/A,64,C,Mixed / Persuadable,70,Brian Rhodes has a mixed record on 3MA’s tracked medical cannabis priorities and may be persuadable on future reforms.,Brian Rhodes,110,Yes,brian-rhodes,No
Andy Boyd,House,37,Republican,SUPPORT,ABSENT,SUPPORT,SUPPORT,SUPPORT,SUPPORT,SUPPORT,SUPPORT,SUPPORT,95,A,Strong Supporter,147.5,Andy Boyd supported 3MA’s tracked medical cannabis priorities at a high level but is not classified as a Champion Leader absent authorship or recorded champion status.,Andy Boyd,155,Yes,andy-boyd,No
Albert Butler,Senate,37,Democrat,SUPPORT,SUPPORT,SUPPORT,N/A,SUPPORT,SUPPORT,SUPPORT,N/A,N/A,100,A,Strong Supporter,140,Albert Butler supported 3MA’s tracked medical cannabis priorities at a high level but is not classified as a Champion Leader absent authorship or recorded champion status.,Albert Butler,140,Yes,albert-butler,No
Cheikh Taylor,House,38,Democrat,SUPPORT,SUPPORT,SUPPORT,SUPPORT,SUPPORT,OPPOSE,SUPPORT,SUPPORT,SUPPORT,74,C,Mixed / Persuadable,115,Cheikh Taylor has a mixed record on 3MA’s tracked medical cannabis priorities and may be persuadable on future reforms.,Cheikh Taylor,155,Yes,cheikh-taylor,No
Gary Brumfield,Senate,38,Democrat,N/A,N/A,SUPPORT,N/A,SUPPORT,SUPPORT,ABSENT,N/A,N/A,82,B,Supporter,90,Gary Brumfield has a generally supportive voting record on 3MA’s tracked medical cannabis priorities.,Gary Brumfield,110,Yes,gary-brumfield,No
Dana McLean,House,39,Republican,OPPOSE,SUPPORT,SUPPORT,SUPPORT,SUPPORT,ABSENT,ABSENT,SUPPORT,SUPPORT,65,C,Mixed / Persuadable,100,Dana McLean has a mixed record on 3MA’s tracked medical cannabis priorities and may be persuadable on future reforms.,Dana McLean,155,Yes,dana-mclean,No
Jason Barrett,Senate,39,Republican,SUPPORT,OPPOSE,SUPPORT,N/A,OPPOSE,SUPPORT,OPPOSE,N/A,N/A,50,D,Weak / Inconsistent,70,Jason Barrett has shown weak or inconsistent alignment with 3MA’s tracked medical cannabis priorities.,Jason Barrett,140,Yes,jason-barrett,No
Hester Jackson McCray,House,40,Democrat,SUPPORT,SUPPORT,ABSENT,SUPPORT,SUPPORT,SUPPORT,SUPPORT,SUPPORT,SUPPORT,95,A,Strong Supporter,147.5,Hester Jackson McCray supported 3MA’s tracked medical cannabis priorities at a high level but is not classified as a Champion Leader absent authorship or recorded champion status.,Hester Jackson McCray,155,Yes,hester-jackson-mccray,No
Angela Burks Hill,Senate,40,Republican,OPPOSE,OPPOSE,SUPPORT,N/A,OPPOSE,OPPOSE,OPPOSE,N/A,N/A,11,F,Opposed,15,Angela Burks Hill is classified as opposed based on 3MA’s tracked medical cannabis votes from 2022–2026.,Angela Burks Hill,140,Yes,angela-burks-hill,No
Kabir Karriem,House,41,Democrat,SUPPORT,SUPPORT,ABSENT,SUPPORT,SUPPORT,SUPPORT,SUPPORT,SUPPORT,SUPPORT,95,A,Strong Supporter,147.5,Kabir Karriem supported 3MA’s tracked medical cannabis priorities at a high level but is not classified as a Champion Leader absent authorship or recorded champion status.,Kabir Karriem,155,Yes,kabir-karriem,No
Joey Fillingane,Senate,41,Republican,SUPPORT,ABSENT,SUPPORT,N/A,OPPOSE,SUPPORT,OPPOSE,N/A,N/A,55,D,Weak / Inconsistent,77.5,Joey Fillingane has shown weak or inconsistent alignment with 3MA’s tracked medical cannabis priorities.,Joey Fillingane,140,Yes,joey-fillingane,No
Carl Mickens,House,42,Democrat,SUPPORT,SUPPORT,SUPPORT,SUPPORT,SUPPORT,SUPPORT,SUPPORT,SUPPORT,SUPPORT,100,A,Strong Supporter,155,Carl Mickens supported 3MA’s tracked medical cannabis priorities at a high level but is not classified as a Champion Leader absent authorship or recorded champion status.,Carl Mickens,155,Yes,carl-mickens,No
Don Hartness,Senate,42,Republican,N/A,N/A,N/A,N/A,N/A,OPPOSE,OPPOSE,N/A,N/A,0,F,Opposed,0,Don Hartness is classified as opposed based on 3MA’s tracked medical cannabis votes from 2022–2026.,Don Hartness,80,Yes,don-hartness,No
Rob Roberson,House,43,Republican,SUPPORT,SUPPORT,SUPPORT,SUPPORT,SUPPORT,SUPPORT,SUPPORT,SUPPORT,SUPPORT,100,A,Strong Supporter,155,Rob Roberson supported 3MA’s tracked medical cannabis priorities at a high level but is not classified as a Champion Leader absent authorship or recorded champion status.,Rob Roberson,155,Yes,rob-roberson,No
"Dennis DeBar, Jr.",Senate,43,Republican,SUPPORT,OPPOSE,SUPPORT,N/A,SUPPORT,OPPOSE,OPPOSE,N/A,N/A,32,F,Opposed,45,"Dennis DeBar, Jr. is classified as opposed based on 3MA’s tracked medical cannabis votes from 2022–2026.","Dennis DeBar, Jr.",140,Yes,dennis-debar-jr,No
Scott Bounds,House,44,Republican,SUPPORT,SUPPORT,SUPPORT,SUPPORT,SUPPORT,ABSENT,ABSENT,SUPPORT,SUPPORT,74,C,Mixed / Persuadable,115,Scott Bounds has a mixed record on 3MA’s tracked medical cannabis priorities and may be persuadable on future reforms.,Scott Bounds,155,Yes,scott-bounds,No
Chris Johnson,Senate,44,Republican,SUPPORT,SUPPORT,SUPPORT,N/A,OPPOSE,OPPOSE,OPPOSE,N/A,N/A,32,F,Opposed,45,Chris Johnson is classified as opposed based on 3MA’s tracked medical cannabis votes from 2022–2026.,Chris Johnson,140,Yes,chris-johnson,No
Keith Jackson,House,45,Democrat,N/A,N/A,SUPPORT,SUPPORT,SUPPORT,SUPPORT,SUPPORT,SUPPORT,SUPPORT,100,A,Strong Supporter,125,Keith Jackson supported 3MA’s tracked medical cannabis priorities at a high level but is not classified as a Champion Leader absent authorship or recorded champion status.,Keith Jackson,125,Yes,keith-jackson,No
Jonny Dupree,Senate,45,Democrat,N/A,N/A,N/A,N/A,N/A,SUPPORT,SUPPORT,N/A,N/A,100,A,Strong Supporter,80,Jonny Dupree supported 3MA’s tracked medical cannabis priorities at a high level but is not classified as a Champion Leader absent authorship or recorded champion status.,Jonny Dupree,80,Yes,jonny-dupree,No
Karl Oliver,House,46,Republican,ABSENT,OPPOSE,SUPPORT,SUPPORT,SUPPORT,OPPOSE,SUPPORT,SUPPORT,SUPPORT,60,C,Mixed / Persuadable,92.5,Karl Oliver has a mixed record on 3MA’s tracked medical cannabis priorities and may be persuadable on future reforms.,Karl Oliver,155,Yes,karl-oliver,No
Philman Ladner,Senate,46,Republican,N/A,N/A,SUPPORT,N/A,SUPPORT,OPPOSE,SUPPORT,N/A,N/A,64,C,Mixed / Persuadable,70,Philman Ladner has a mixed record on 3MA’s tracked medical cannabis priorities and may be persuadable on future reforms.,Philman Ladner,110,Yes,philman-ladner,No
Bryant Clark,House,47,Democrat,SUPPORT,SUPPORT,ABSENT,SUPPORT,SUPPORT,SUPPORT,SUPPORT,SUPPORT,SUPPORT,95,A,Strong Supporter,147.5,Bryant Clark supported 3MA’s tracked medical cannabis priorities at a high level but is not classified as a Champion Leader absent authorship or recorded champion status.,Bryant Clark,155,Yes,bryant-clark,No
Joseph M. Seymour,Senate,47,Republican,SUPPORT,SUPPORT,SUPPORT,N/A,SUPPORT,OPPOSE,SUPPORT,N/A,N/A,71,C,Mixed / Persuadable,100,Joseph M. Seymour has a mixed record on 3MA’s tracked medical cannabis priorities and may be persuadable on future reforms.,Joseph M. Seymour,140,Yes,joseph-m-seymour,No
Jason White,House,48,Republican,ABSENT,SUPPORT,SUPPORT,SUPPORT,SUPPORT,SUPPORT,SUPPORT,SUPPORT,SUPPORT,95,A,Strong Supporter,147.5,Jason White supported 3MA’s tracked medical cannabis priorities at a high level but is not classified as a Champion Leader absent authorship or recorded champion status.,Jason White,155,Yes,jason-white,No
Mike Thompson,Senate,48,Republican,SUPPORT,SUPPORT,SUPPORT,N/A,SUPPORT,SUPPORT,SUPPORT,N/A,N/A,100,A,Strong Supporter,140,Mike Thompson supported 3MA’s tracked medical cannabis priorities at a high level but is not classified as a Champion Leader absent authorship or recorded champion status.,Mike Thompson,140,Yes,mike-thompson,No
Willie Bailey,House,49,Democrat,SUPPORT,SUPPORT,SUPPORT,SUPPORT,SUPPORT,SUPPORT,SUPPORT,SUPPORT,SUPPORT,100,A,Strong Supporter,155,Willie Bailey supported 3MA’s tracked medical cannabis priorities at a high level but is not classified as a Champion Leader absent authorship or recorded champion status.,Willie Bailey,155,Yes,willie-bailey,No
"Joel R. Carter, Jr.",Senate,49,Republican,SUPPORT,SUPPORT,SUPPORT,N/A,SUPPORT,SUPPORT,SUPPORT,N/A,N/A,100,A,Strong Supporter,140,"Joel R. Carter, Jr. supported 3MA’s tracked medical cannabis priorities at a high level but is not classified as a Champion Leader absent authorship or recorded champion status.","Joel R. Carter, Jr.",140,Yes,joel-r-carter-jr,No
"John W. Hines, Sr.",House,50,Democrat,SUPPORT,SUPPORT,SUPPORT,SUPPORT,SUPPORT,SUPPORT,SUPPORT,SUPPORT,SUPPORT,100,A,Strong Supporter,155,"John W. Hines, Sr. supported 3MA’s tracked medical cannabis priorities at a high level but is not classified as a Champion Leader absent authorship or recorded champion status.","John W. Hines, Sr.",155,Yes,john-w-hines-sr,No
Scott DeLano,Senate,50,Republican,SUPPORT,SUPPORT,SUPPORT,N/A,SUPPORT,SUPPORT,SUPPORT,N/A,N/A,100,A,Strong Supporter,140,Scott DeLano supported 3MA’s tracked medical cannabis priorities at a high level but is not classified as a Champion Leader absent authorship or recorded champion status.,Scott DeLano,140,Yes,scott-delano,No
Timaka James-Jones,House,51,Democrat,N/A,N/A,ABSENT,SUPPORT,SUPPORT,SUPPORT,SUPPORT,SUPPORT,SUPPORT,94,A,Strong Supporter,117.5,Timaka James-Jones supported 3MA’s tracked medical cannabis priorities at a high level but is not classified as a Champion Leader absent authorship or recorded champion status.,Timaka James-Jones,125,Yes,timaka-jamesjones,No
Jeremy England,Senate,51,Republican,SUPPORT,SUPPORT,SUPPORT,N/A,SUPPORT,SUPPORT,SUPPORT,N/A,N/A,100,A,Strong Supporter,140,Jeremy England supported 3MA’s tracked medical cannabis priorities at a high level but is not classified as a Champion Leader absent authorship or recorded champion status.,Jeremy England,140,Yes,jeremy-england,No
Bill Kinkade,House,52,Republican,SUPPORT,SUPPORT,SUPPORT,SUPPORT,ABSENT,ABSENT,ABSENT,ABSENT,SUPPORT,69,C,Mixed / Persuadable,107.5,Bill Kinkade has a mixed record on 3MA’s tracked medical cannabis priorities and may be persuadable on future reforms.,Bill Kinkade,155,Yes,bill-kinkade,No
Brice Wiggins,Senate,52,Republican,SUPPORT,SUPPORT,SUPPORT,N/A,SUPPORT,SUPPORT,SUPPORT,N/A,N/A,100,A,Strong Supporter,140,Brice Wiggins supported 3MA’s tracked medical cannabis priorities at a high level but is not classified as a Champion Leader absent authorship or recorded champion status.,Brice Wiggins,140,Yes,brice-wiggins,No
Vince Mangold,House,53,Republican,SUPPORT,SUPPORT,SUPPORT,OPPOSE,OPPOSE,OPPOSE,OPPOSE,SUPPORT,SUPPORT,29,F,Opposed,45,Vince Mangold is classified as opposed based on 3MA’s tracked medical cannabis votes from 2022–2026.,Vince Mangold,155,Yes,vince-mangold,No
Kevin Ford,House,54,Republican,OPPOSE,SUPPORT,SUPPORT,SUPPORT,SUPPORT,SUPPORT,SUPPORT,SUPPORT,SUPPORT,90,A,Strong Supporter,140,Kevin Ford supported 3MA’s tracked medical cannabis priorities at a high level but is not classified as a Champion Leader absent authorship or recorded champion status.,Kevin Ford,155,Yes,kevin-ford,No
Oscar Denton,House,55,Democrat,SUPPORT,SUPPORT,SUPPORT,SUPPORT,SUPPORT,SUPPORT,SUPPORT,SUPPORT,SUPPORT,100,A,Strong Supporter,155,Oscar Denton supported 3MA’s tracked medical cannabis priorities at a high level but is not classified as a Champion Leader absent authorship or recorded champion status.,Oscar Denton,155,Yes,oscar-denton,No
Clay Mansell,House,56,Republican,N/A,N/A,SUPPORT,SUPPORT,SUPPORT,SUPPORT,SUPPORT,SUPPORT,SUPPORT,100,A,Strong Supporter,125,Clay Mansell supported 3MA’s tracked medical cannabis priorities at a high level but is not classified as a Champion Leader absent authorship or recorded champion status.,Clay Mansell,125,Yes,clay-mansell,No
Lawrence Blackmon,House,57,Democrat,SUPPORT,SUPPORT,SUPPORT,SUPPORT,SUPPORT,SUPPORT,SUPPORT,SUPPORT,SUPPORT,100,A,Strong Supporter,155,Lawrence Blackmon supported 3MA’s tracked medical cannabis priorities at a high level but is not classified as a Champion Leader absent authorship or recorded champion status.,Lawrence Blackmon,155,Yes,lawrence-blackmon,No
Jonathan McMillan,House,58,Republican,N/A,N/A,SUPPORT,SUPPORT,SUPPORT,SUPPORT,SUPPORT,SUPPORT,SUPPORT,100,A,Strong Supporter,125,Jonathan McMillan supported 3MA’s tracked medical cannabis priorities at a high level but is not classified as a Champion Leader absent authorship or recorded champion status.,Jonathan McMillan,125,Yes,jonathan-mcmillan,No
Brent Powell,House,59,Republican,SUPPORT,SUPPORT,SUPPORT,SUPPORT,SUPPORT,SUPPORT,SUPPORT,SUPPORT,SUPPORT,100,A,Strong Supporter,155,Brent Powell supported 3MA’s tracked medical cannabis priorities at a high level but is not classified as a Champion Leader absent authorship or recorded champion status.,Brent Powell,155,Yes,brent-powell,No
Fred Shanks,House,60,Republican,SUPPORT,SUPPORT,SUPPORT,SUPPORT,SUPPORT,SUPPORT,SUPPORT,SUPPORT,SUPPORT,100,A,Strong Supporter,155,Fred Shanks supported 3MA’s tracked medical cannabis priorities at a high level but is not classified as a Champion Leader absent authorship or recorded champion status.,Fred Shanks,155,Yes,fred-shanks,No
Gene Newman,House,61,Republican,SUPPORT,OPPOSE,SUPPORT,SUPPORT,OPPOSE,OPPOSE,SUPPORT,SUPPORT,SUPPORT,55,D,Weak / Inconsistent,85,Gene Newman has shown weak or inconsistent alignment with 3MA’s tracked medical cannabis priorities.,Gene Newman,155,Yes,gene-newman,No
Lance Varner,House,62,Republican,N/A,N/A,SUPPORT,SUPPORT,SUPPORT,SUPPORT,SUPPORT,SUPPORT,SUPPORT,100,A,Strong Supporter,125,Lance Varner supported 3MA’s tracked medical cannabis priorities at a high level but is not classified as a Champion Leader absent authorship or recorded champion status.,Lance Varner,125,Yes,lance-varner,No
Stephanie Foster,House,63,Democrat,SUPPORT,SUPPORT,SUPPORT,SUPPORT,SUPPORT,SUPPORT,SUPPORT,SUPPORT,SUPPORT,100,A,Strong Supporter,155,Stephanie Foster supported 3MA’s tracked medical cannabis priorities at a high level but is not classified as a Champion Leader absent authorship or recorded champion status.,Stephanie Foster,155,Yes,stephanie-foster,No
Shanda Yates,House,64,Independent,SUPPORT,SUPPORT,SUPPORT,SUPPORT,SUPPORT,SUPPORT,SUPPORT,SUPPORT,SUPPORT,100,A,Strong Supporter,155,Shanda Yates supported 3MA’s tracked medical cannabis priorities at a high level but is not classified as a Champion Leader absent authorship or recorded champion status.,Shanda Yates,155,Yes,shanda-yates,No
Christopher Bell,House,65,Democrat,SUPPORT,SUPPORT,SUPPORT,SUPPORT,SUPPORT,SUPPORT,SUPPORT,SUPPORT,SUPPORT,100,A,Strong Supporter,155,Christopher Bell supported 3MA’s tracked medical cannabis priorities at a high level but is not classified as a Champion Leader absent authorship or recorded champion status.,Christopher Bell,155,Yes,christopher-bell,No
Fabian Nelson,House,66,Democrat,N/A,N/A,SUPPORT,SUPPORT,SUPPORT,SUPPORT,SUPPORT,SUPPORT,SUPPORT,100,A,Strong Supporter,125,Fabian Nelson supported 3MA’s tracked medical cannabis priorities at a high level but is not classified as a Champion Leader absent authorship or recorded champion status.,Fabian Nelson,125,Yes,fabian-nelson,No
Earle Banks,House,67,Democrat,SUPPORT,SUPPORT,ABSENT,SUPPORT,SUPPORT,SUPPORT,SUPPORT,SUPPORT,ABSENT,95,A,Strong Supporter,147.5,Earle Banks supported 3MA’s tracked medical cannabis priorities at a high level but is not classified as a Champion Leader absent authorship or recorded champion status.,Earle Banks,155,Yes,earle-banks,No
Zakiya Summers,House,68,Democrat,SUPPORT,ABSENT,OPPOSE,SUPPORT,SUPPORT,ABSENT,SUPPORT,SUPPORT,ABSENT,73,C,Mixed / Persuadable,112.5,Zakiya Summers has a mixed record on 3MA’s tracked medical cannabis priorities and may be persuadable on future reforms.,Zakiya Summers,155,Yes,zakiya-summers,No
Tamarra Butler-Washington,House,69,Democrat,N/A,N/A,SUPPORT,SUPPORT,SUPPORT,SUPPORT,SUPPORT,SUPPORT,SUPPORT,100,A,Strong Supporter,125,Tamarra Butler-Washington supported 3MA’s tracked medical cannabis priorities at a high level but is not classified as a Champion Leader absent authorship or recorded champion status.,Tamarra Butler-Washington,125,Yes,tamarra-butlerwashington,No
Bo Brown,House,70,Democrat,OPPOSE,ABSENT,SUPPORT,SUPPORT,SUPPORT,ABSENT,SUPPORT,ABSENT,SUPPORT,73,C,Mixed / Persuadable,112.5,Bo Brown has a mixed record on 3MA’s tracked medical cannabis priorities and may be persuadable on future reforms.,Bo Brown,155,Yes,bo-brown,No
Ronnie Crudup,House,71,Democrat,SUPPORT,SUPPORT,ABSENT,SUPPORT,SUPPORT,OPPOSE,SUPPORT,SUPPORT,SUPPORT,69,C,Mixed / Persuadable,107.5,Ronnie Crudup has a mixed record on 3MA’s tracked medical cannabis priorities and may be persuadable on future reforms.,Ronnie Crudup,155,Yes,ronnie-crudup,No
Justis Gibbs,House,72,Democrat,SUPPORT,N/A,SUPPORT,SUPPORT,SUPPORT,SUPPORT,ABSENT,SUPPORT,SUPPORT,86,B,Supporter,120,Justis Gibbs has a generally supportive voting record on 3MA’s tracked medical cannabis priorities.,Justis Gibbs,140,Yes,justis-gibbs,No
Jill Ford,House,73,Republican,OPPOSE,OPPOSE,SUPPORT,OPPOSE,OPPOSE,OPPOSE,OPPOSE,ABSENT,SUPPORT,10,F,Opposed,15,Jill Ford is classified as opposed based on 3MA’s tracked medical cannabis votes from 2022–2026.,Jill Ford,155,Yes,jill-ford,No
Lee Yancey,House,74,Republican,SUPPORT,SUPPORT,SUPPORT,SUPPORT,SUPPORT,SUPPORT,SUPPORT,SUPPORT,SUPPORT,100,A+,Champion Leader,232.5,Lee Yancey is classified as a Champion Leader based on 3MA’s designation as a primary medical cannabis bill author or legislative champion.,Lee Yancey,155,Yes,lee-yancey,Yes
Celeste Hurst,House,75,Republican,N/A,N/A,SUPPORT,SUPPORT,SUPPORT,SUPPORT,SUPPORT,SUPPORT,SUPPORT,100,A,Strong Supporter,125,Celeste Hurst supported 3MA’s tracked medical cannabis priorities at a high level but is not classified as a Champion Leader absent authorship or recorded champion status.,Celeste Hurst,125,Yes,celeste-hurst,No
"Gregory Holloway, Sr.",House,76,Democrat,SUPPORT,SUPPORT,SUPPORT,SUPPORT,SUPPORT,SUPPORT,ABSENT,SUPPORT,SUPPORT,87,B,Supporter,135,"Gregory Holloway, Sr. has a generally supportive voting record on 3MA’s tracked medical cannabis priorities.","Gregory Holloway, Sr.",155,Yes,gregory-holloway-sr,No
Price Wallace,House,77,Republican,SUPPORT,SUPPORT,SUPPORT,SUPPORT,SUPPORT,SUPPORT,SUPPORT,SUPPORT,SUPPORT,100,A,Strong Supporter,155,Price Wallace supported 3MA’s tracked medical cannabis priorities at a high level but is not classified as a Champion Leader absent authorship or recorded champion status.,Price Wallace,155,Yes,price-wallace,No
Randy Rushing,House,78,Republican,SUPPORT,SUPPORT,SUPPORT,SUPPORT,SUPPORT,SUPPORT,SUPPORT,SUPPORT,SUPPORT,100,A,Strong Supporter,155,Randy Rushing supported 3MA’s tracked medical cannabis priorities at a high level but is not classified as a Champion Leader absent authorship or recorded champion status.,Randy Rushing,155,Yes,randy-rushing,No
Mark Tullos,House,79,Republican,SUPPORT,SUPPORT,SUPPORT,SUPPORT,SUPPORT,SUPPORT,SUPPORT,SUPPORT,SUPPORT,100,A,Strong Supporter,155,Mark Tullos supported 3MA’s tracked medical cannabis priorities at a high level but is not classified as a Champion Leader absent authorship or recorded champion status.,Mark Tullos,155,Yes,mark-tullos,No
Omeria Scott,House,80,Democrat,OPPOSE,SUPPORT,SUPPORT,SUPPORT,SUPPORT,OPPOSE,SUPPORT,SUPPORT,ABSENT,65,C,Mixed / Persuadable,100,Omeria Scott has a mixed record on 3MA’s tracked medical cannabis priorities and may be persuadable on future reforms.,Omeria Scott,155,Yes,omeria-scott,No
Stephen A. Horne,House,81,Republican,OPPOSE,SUPPORT,SUPPORT,SUPPORT,SUPPORT,SUPPORT,SUPPORT,SUPPORT,SUPPORT,90,A,Strong Supporter,140,Stephen A. Horne supported 3MA’s tracked medical cannabis priorities at a high level but is not classified as a Champion Leader absent authorship or recorded champion status.,Stephen A. Horne,155,Yes,stephen-a-horne,No
Gregory Elliot,House,82,Democrat,N/A,N/A,N/A,N/A,N/A,SUPPORT,SUPPORT,SUPPORT,SUPPORT,100,A,Strong Supporter,80,Gregory Elliot supported 3MA’s tracked medical cannabis priorities at a high level but is not classified as a Champion Leader absent authorship or recorded champion status.,,80,Yes,gregory-elliot,No
Billy Adam Calvert,House,83,Republican,OPPOSE,SUPPORT,SUPPORT,SUPPORT,SUPPORT,SUPPORT,SUPPORT,SUPPORT,SUPPORT,90,A,Strong Supporter,140,Billy Adam Calvert supported 3MA’s tracked medical cannabis priorities at a high level but is not classified as a Champion Leader absent authorship or recorded champion status.,Billy Adam Calvert,155,Yes,billy-adam-calvert,No
Troy Smith,House,84,Republican,OPPOSE,ABSENT,SUPPORT,ABSENT,ABSENT,ABSENT,OPPOSE,SUPPORT,SUPPORT,37,F,Opposed,57.5,Troy Smith is classified as opposed based on 3MA’s tracked medical cannabis votes from 2022–2026.,Troy Smith,155,Yes,troy-smith,No
Jeffery Harness,House,85,Democrat,SUPPORT,SUPPORT,ABSENT,SUPPORT,SUPPORT,SUPPORT,SUPPORT,SUPPORT,SUPPORT,95,A,Strong Supporter,147.5,Jeffery Harness supported 3MA’s tracked medical cannabis priorities at a high level but is not classified as a Champion Leader absent authorship or recorded champion status.,Jeffery Harness,155,Yes,jeffery-harness,No
Shane Barnett,House,86,Republican,OPPOSE,SUPPORT,SUPPORT,SUPPORT,SUPPORT,OPPOSE,SUPPORT,SUPPORT,SUPPORT,65,C,Mixed / Persuadable,100,Shane Barnett has a mixed record on 3MA’s tracked medical cannabis priorities and may be persuadable on future reforms.,Shane Barnett,155,Yes,shane-barnett,No
Joseph Tubb,House,87,Republican,SUPPORT,SUPPORT,SUPPORT,SUPPORT,SUPPORT,SUPPORT,SUPPORT,SUPPORT,SUPPORT,100,A,Strong Supporter,155,Joseph Tubb supported 3MA’s tracked medical cannabis priorities at a high level but is not classified as a Champion Leader absent authorship or recorded champion status.,Joseph Tubb,155,Yes,joseph-tubb,No
Charles Blackwell,House,88,Republican,N/A,N/A,SUPPORT,SUPPORT,SUPPORT,SUPPORT,SUPPORT,SUPPORT,SUPPORT,100,A,Strong Supporter,125,Charles Blackwell supported 3MA’s tracked medical cannabis priorities at a high level but is not classified as a Champion Leader absent authorship or recorded champion status.,Charles Blackwell,125,Yes,charles-blackwell,No
Donnie Scoggin,House,89,Republican,SUPPORT,SUPPORT,SUPPORT,SUPPORT,SUPPORT,SUPPORT,SUPPORT,SUPPORT,SUPPORT,100,A,Strong Supporter,155,Donnie Scoggin supported 3MA’s tracked medical cannabis priorities at a high level but is not classified as a Champion Leader absent authorship or recorded champion status.,Donnie Scoggin,155,Yes,donnie-scoggin,No
Noah Sanford,House,90,Republican,SUPPORT,SUPPORT,SUPPORT,SUPPORT,SUPPORT,ABSENT,ABSENT,SUPPORT,SUPPORT,74,C,Mixed / Persuadable,115,Noah Sanford has a mixed record on 3MA’s tracked medical cannabis priorities and may be persuadable on future reforms.,Noah Sanford,155,Yes,noah-sanford,No
Bob Evans,House,91,Democrat,SUPPORT,ABSENT,ABSENT,SUPPORT,SUPPORT,SUPPORT,SUPPORT,SUPPORT,SUPPORT,90,A,Strong Supporter,140,Bob Evans supported 3MA’s tracked medical cannabis priorities at a high level but is not classified as a Champion Leader absent authorship or recorded champion status.,Bob Evans,155,Yes,bob-evans,No
Becky Currie,House,92,Republican,SUPPORT,SUPPORT,SUPPORT,SUPPORT,SUPPORT,SUPPORT,SUPPORT,SUPPORT,SUPPORT,100,A,Strong Supporter,155,Becky Currie supported 3MA’s tracked medical cannabis priorities at a high level but is not classified as a Champion Leader absent authorship or recorded champion status.,Becky Currie,155,Yes,becky-currie,No
Timmy Ladner,House,93,Republican,OPPOSE,OPPOSE,SUPPORT,OPPOSE,OPPOSE,OPPOSE,SUPPORT,SUPPORT,SUPPORT,35,F,Opposed,55,Timmy Ladner is classified as opposed based on 3MA’s tracked medical cannabis votes from 2022–2026.,Timmy Ladner,155,Yes,timmy-ladner,No
Robert Johnson III,House,94,Democrat,SUPPORT,SUPPORT,ABSENT,SUPPORT,SUPPORT,SUPPORT,SUPPORT,SUPPORT,SUPPORT,95,A,Strong Supporter,147.5,Robert Johnson III supported 3MA’s tracked medical cannabis priorities at a high level but is not classified as a Champion Leader absent authorship or recorded champion status.,Robert Johnson III,155,Yes,robert-johnson-iii,No
Jay McKnight,House,95,Republican,SUPPORT,SUPPORT,SUPPORT,SUPPORT,SUPPORT,SUPPORT,SUPPORT,SUPPORT,SUPPORT,100,A,Strong Supporter,155,Jay McKnight supported 3MA’s tracked medical cannabis priorities at a high level but is not classified as a Champion Leader absent authorship or recorded champion status.,Jay McKnight,155,Yes,jay-mcknight,No
Angela Cockerham,House,96,Independent,SUPPORT,SUPPORT,SUPPORT,SUPPORT,SUPPORT,SUPPORT,SUPPORT,SUPPORT,SUPPORT,100,A,Strong Supporter,155,Angela Cockerham supported 3MA’s tracked medical cannabis priorities at a high level but is not classified as a Champion Leader absent authorship or recorded champion status.,Angela Cockerham,155,Yes,angela-cockerham,No
"Sam Mims, V",House,97,Republican,SUPPORT,SUPPORT,SUPPORT,SUPPORT,SUPPORT,SUPPORT,SUPPORT,SUPPORT,SUPPORT,100,A,Strong Supporter,155,"Sam Mims, V supported 3MA’s tracked medical cannabis priorities at a high level but is not classified as a Champion Leader absent authorship or recorded champion status.","Sam Mims, V",155,Yes,sam-mims-v,No
Daryl Porter,House,98,Democrat,SUPPORT,SUPPORT,ABSENT,SUPPORT,SUPPORT,SUPPORT,SUPPORT,SUPPORT,SUPPORT,95,A,Strong Supporter,147.5,Daryl Porter supported 3MA’s tracked medical cannabis priorities at a high level but is not classified as a Champion Leader absent authorship or recorded champion status.,Daryl Porter,155,Yes,daryl-porter,No
Bill Pigott,House,99,Republican,SUPPORT,ABSENT,SUPPORT,SUPPORT,SUPPORT,SUPPORT,SUPPORT,SUPPORT,SUPPORT,95,A,Strong Supporter,147.5,Bill Pigott supported 3MA’s tracked medical cannabis priorities at a high level but is not classified as a Champion Leader absent authorship or recorded champion status.,Bill Pigott,155,Yes,bill-pigott,No
Ken Morgan,House,100,Republican,OPPOSE,SUPPORT,SUPPORT,SUPPORT,SUPPORT,SUPPORT,ABSENT,SUPPORT,SUPPORT,77,B,Supporter,120,Ken Morgan has a generally supportive voting record on 3MA’s tracked medical cannabis priorities.,Ken Morgan,155,Yes,ken-morgan,No
Kent McCarty,House,101,Republican,SUPPORT,SUPPORT,ABSENT,SUPPORT,SUPPORT,SUPPORT,SUPPORT,SUPPORT,SUPPORT,95,A,Strong Supporter,147.5,Kent McCarty supported 3MA’s tracked medical cannabis priorities at a high level but is not classified as a Champion Leader absent authorship or recorded champion status.,Kent McCarty,155,Yes,kent-mccarty,No
Missy McGee,House,102,Republican,SUPPORT,SUPPORT,SUPPORT,SUPPORT,SUPPORT,SUPPORT,SUPPORT,SUPPORT,SUPPORT,100,A,Strong Supporter,155,Missy McGee supported 3MA’s tracked medical cannabis priorities at a high level but is not classified as a Champion Leader absent authorship or recorded champion status.,Missy McGee,155,Yes,missy-mcgee,No
Percy Watson,House,103,Democrat,SUPPORT,SUPPORT,SUPPORT,SUPPORT,ABSENT,SUPPORT,SUPPORT,SUPPORT,SUPPORT,95,A,Strong Supporter,147.5,Percy Watson supported 3MA’s tracked medical cannabis priorities at a high level but is not classified as a Champion Leader absent authorship or recorded champion status.,Percy Watson,155,Yes,percy-watson,No
Larry Byrd,House,104,Republican,SUPPORT,SUPPORT,SUPPORT,SUPPORT,SUPPORT,SUPPORT,SUPPORT,SUPPORT,SUPPORT,100,A,Strong Supporter,155,Larry Byrd supported 3MA’s tracked medical cannabis priorities at a high level but is not classified as a Champion Leader absent authorship or recorded champion status.,Larry Byrd,155,Yes,larry-byrd,No
Elliot Burch,House,105,Republican,N/A,N/A,SUPPORT,SUPPORT,SUPPORT,SUPPORT,OPPOSE,SUPPORT,SUPPORT,68,C,Mixed / Persuadable,85,Elliot Burch has a mixed record on 3MA’s tracked medical cannabis priorities and may be persuadable on future reforms.,Elliot Burch,125,Yes,elliot-burch,No
Jansen Owen,House,106,Republican,OPPOSE,SUPPORT,SUPPORT,SUPPORT,SUPPORT,SUPPORT,SUPPORT,SUPPORT,ABSENT,90,A,Strong Supporter,140,Jansen Owen supported 3MA’s tracked medical cannabis priorities at a high level but is not classified as a Champion Leader absent authorship or recorded champion status.,Jansen Owen,155,Yes,jansen-owen,No
Steve Lott,House,107,Republican,N/A,N/A,SUPPORT,SUPPORT,SUPPORT,SUPPORT,SUPPORT,SUPPORT,SUPPORT,100,A,Strong Supporter,125,Steve Lott supported 3MA’s tracked medical cannabis priorities at a high level but is not classified as a Champion Leader absent authorship or recorded champion status.,Steve Lott,125,Yes,steve-lott,No
Stacey Hobgood-Wilkes,House,108,Republican,OPPOSE,OPPOSE,ABSENT,OPPOSE,OPPOSE,OPPOSE,OPPOSE,OPPOSE,ABSENT,5,F,Opposed,7.5,Stacey Hobgood-Wilkes is classified as opposed based on 3MA’s tracked medical cannabis votes from 2022–2026.,Stacey Hobgood-Wilkes,155,Yes,stacey-hobgoodwilkes,No
Manly Barton,House,109,Republican,SUPPORT,SUPPORT,SUPPORT,SUPPORT,SUPPORT,SUPPORT,SUPPORT,SUPPORT,SUPPORT,100,A,Strong Supporter,155,Manly Barton supported 3MA’s tracked medical cannabis priorities at a high level but is not classified as a Champion Leader absent authorship or recorded champion status.,Manly Barton,155,Yes,manly-barton,No
Jeramey Anderson,House,110,Democrat,SUPPORT,SUPPORT,ABSENT,SUPPORT,SUPPORT,SUPPORT,SUPPORT,SUPPORT,SUPPORT,95,A,Strong Supporter,147.5,Jeramey Anderson supported 3MA’s tracked medical cannabis priorities at a high level but is not classified as a Champion Leader absent authorship or recorded champion status.,Jeramey Anderson,155,Yes,jeramey-anderson,No
Jimmy Fondren,House,111,Republican,N/A,N/A,SUPPORT,SUPPORT,SUPPORT,SUPPORT,SUPPORT,SUPPORT,SUPPORT,100,A,Strong Supporter,125,Jimmy Fondren supported 3MA’s tracked medical cannabis priorities at a high level but is not classified as a Champion Leader absent authorship or recorded champion status.,Jimmy Fondren,125,Yes,jimmy-fondren,No
John Read,House,112,Republican,SUPPORT,SUPPORT,SUPPORT,SUPPORT,SUPPORT,SUPPORT,SUPPORT,SUPPORT,SUPPORT,100,A,Strong Supporter,155,John Read supported 3MA’s tracked medical cannabis priorities at a high level but is not classified as a Champion Leader absent authorship or recorded champion status.,John Read,155,Yes,john-read,No
Henry Zuber III,House,113,Republican,SUPPORT,SUPPORT,SUPPORT,SUPPORT,SUPPORT,SUPPORT,SUPPORT,SUPPORT,SUPPORT,100,A,Strong Supporter,155,Henry Zuber III supported 3MA’s tracked medical cannabis priorities at a high level but is not classified as a Champion Leader absent authorship or recorded champion status.,Henry Zuber III,155,Yes,henry-zuber-iii,No
Jeffrey Guice,House,114,Republican,SUPPORT,SUPPORT,SUPPORT,SUPPORT,SUPPORT,SUPPORT,SUPPORT,SUPPORT,SUPPORT,100,A,Strong Supporter,155,Jeffrey Guice supported 3MA’s tracked medical cannabis priorities at a high level but is not classified as a Champion Leader absent authorship or recorded champion status.,Jeffrey Guice,155,Yes,jeffrey-guice,No
Zachary Grady,House,115,Republican,N/A,N/A,SUPPORT,SUPPORT,SUPPORT,SUPPORT,SUPPORT,SUPPORT,SUPPORT,100,A,Strong Supporter,125,Zachary Grady supported 3MA’s tracked medical cannabis priorities at a high level but is not classified as a Champion Leader absent authorship or recorded champion status.,Zachary Grady,125,Yes,zachary-grady,No
Casey Eure,House,116,Republican,SUPPORT,SUPPORT,SUPPORT,SUPPORT,SUPPORT,SUPPORT,SUPPORT,SUPPORT,SUPPORT,100,A,Strong Supporter,155,Casey Eure supported 3MA’s tracked medical cannabis priorities at a high level but is not classified as a Champion Leader absent authorship or recorded champion status.,Casey Eure,155,Yes,casey-eure,No
Kevin Felsher,House,117,Republican,SUPPORT,SUPPORT,SUPPORT,SUPPORT,SUPPORT,SUPPORT,SUPPORT,SUPPORT,SUPPORT,100,A,Strong Supporter,155,Kevin Felsher supported 3MA’s tracked medical cannabis priorities at a high level but is not classified as a Champion Leader absent authorship or recorded champion status.,Kevin Felsher,155,Yes,kevin-felsher,No
Greg Haney,House,118,Republican,SUPPORT,SUPPORT,SUPPORT,SUPPORT,SUPPORT,ABSENT,ABSENT,SUPPORT,SUPPORT,74,C,Mixed / Persuadable,115,Greg Haney has a mixed record on 3MA’s tracked medical cannabis priorities and may be persuadable on future reforms.,Greg Haney,155,Yes,greg-haney,No
Jeffrey Hulum III,House,119,Democrat,N/A,SUPPORT,SUPPORT,SUPPORT,SUPPORT,SUPPORT,SUPPORT,SUPPORT,SUPPORT,100,A,Strong Supporter,140,Jeffrey Hulum III supported 3MA’s tracked medical cannabis priorities at a high level but is not classified as a Champion Leader absent authorship or recorded champion status.,Jeffrey Hulum III,140,Yes,jeffrey-hulum-iii,No
Richard Bennett,House,120,Republican,SUPPORT,SUPPORT,SUPPORT,SUPPORT,SUPPORT,SUPPORT,SUPPORT,SUPPORT,SUPPORT,100,A,Strong Supporter,155,Richard Bennett supported 3MA’s tracked medical cannabis priorities at a high level but is not classified as a Champion Leader absent authorship or recorded champion status.,Richard Bennett,155,Yes,richard-bennett,No
Carolyn Crawford,House,121,Republican,SUPPORT,SUPPORT,SUPPORT,SUPPORT,SUPPORT,OPPOSE,OPPOSE,SUPPORT,SUPPORT,48,D,Weak / Inconsistent,75,Carolyn Crawford has shown weak or inconsistent alignment with 3MA’s tracked medical cannabis priorities.,Carolyn Crawford,155,Yes,carolyn-crawford,No
Brent Anderson,House,122,Republican,SUPPORT,SUPPORT,SUPPORT,SUPPORT,SUPPORT,SUPPORT,SUPPORT,SUPPORT,SUPPORT,100,A,Strong Supporter,155,Brent Anderson supported 3MA’s tracked medical cannabis priorities at a high level but is not classified as a Champion Leader absent authorship or recorded champion status.,Brent Anderson,155,Yes,brent-anderson,No
